Iteration,Train MSE,Validation MSE,Test MSE,Train Accuracy,Validation Accuracy,Test Accuracy,Train F1 Score,Validation F1 Score,Test F1 Score,Time
10,0.12924361228248898,0.1313153078337201,0.12809244194247776,0.6108833922261484,0.6082532504239684,0.6155585707824514,0.6493085696843096,0.6470155538400176,0.6541769317592752,1408
20,0.12901375434711962,0.13102653317620733,0.1278291049325751,0.6122968197879859,0.609383832673827,0.6164631388511985,0.6508741856057814,0.6473126519009255,0.6549182145635761,2764
30,0.12487110787736305,0.12653718102623057,0.12379587092849419,0.6176678445229682,0.6167326172979084,0.6255088195386703,0.6483508246766095,0.6466464125447319,0.6572086220018302,4177
40,0.12369767218439671,0.12534159671044878,0.12231818130204161,0.6195053003533569,0.6246466930469191,0.6255088195386703,0.6466566428439023,0.6521509453342831,0.6549551772449504,5599
50,0.12363625007820048,0.1252907842684182,0.1222548832316616,0.6195053003533569,0.6246466930469191,0.6246042514699232,0.6466566428439023,0.6521509453342831,0.653768266531759,7049
60,0.1150342143105496,0.11625680212592646,0.11407115951854568,0.6549823321554771,0.6574335782928208,0.6612392582541836,0.6782958463241789,0.6812495827623692,0.6861842133590027,8499
70,0.11403027198696018,0.11520483367742528,0.11317066231265645,0.6586572438162545,0.6653476540418315,0.663048394391678,0.6831142507900506,0.6914223575245629,0.690729775637981,9895
80,0.11546731020151199,0.11631193654028188,0.11436523782839773,0.6525795053003534,0.6563029960429622,0.6558118498417006,0.6768389569992891,0.6813727320962876,0.6824186016438913,11212
90,0.11299830991583441,0.11397925992773604,0.1121203058299108,0.6600706713780918,0.6670435274166195,0.6653098145635459,0.6831038310965363,0.6911788725004346,0.6907814972511764,12723
110,0.11022802731359231,0.11123396071004528,0.10931078914707668,0.6675618374558304,0.6743923120407009,0.6766169154228856,0.6864486115637384,0.6927204706464468,0.6978824907049965,15449
120,0.10986950126484349,0.11090481390882402,0.10899895378323522,0.6688339222614841,0.6743923120407009,0.6775214834916328,0.6877336072354681,0.69319005894462,0.6988217165057338,16825
130,0.10903192538032551,0.11004206545277609,0.10864195747481804,0.6761837455830388,0.6828716789146411,0.681592039800995,0.6946163383850973,0.7023086521745112,0.7029465362954895,18139
140,0.10776525490398024,0.10859285719116661,0.10712896811379247,0.6780212014134276,0.6840022611644997,0.6852103120759837,0.6942485291229447,0.7006557960274334,0.7045070875694072,19451
150,0.10702204116191173,0.10775276840343849,0.10633915626399933,0.6822614840989399,0.6902204635387225,0.6879240162822252,0.6976039237980596,0.7057998934067435,0.7052148418999697,20836
160,0.1061729639658521,0.10687723743176517,0.10558837568111003,0.6859363957597173,0.6879592990390051,0.6933514246947082,0.69964749312453,0.7019664788881437,0.7095045754845307,22143
170,0.1048790522400764,0.10575179319271338,0.10452529992573394,0.6931448763250884,0.6919163369135105,0.6978742650384442,0.7048679547047868,0.7036359042813549,0.7118388205036742,23503
180,0.10325798031044461,0.1044601166795821,0.10321479289135282,0.6992226148409894,0.7043527416619559,0.6996834011759385,0.7115334785384356,0.7166969857988492,0.7147350288111874,24803
190,0.09758635282610549,0.0988774112580544,0.09694449201968959,0.7159010600706713,0.7105709440361786,0.7164179104477612,0.7179927252143525,0.7144127092261062,0.7221167180763254,26083
210,0.0953716088001637,0.09677869965236784,0.09509785014298937,0.7225441696113074,0.7184850197851894,0.7200361827227499,0.724629126629612,0.7220879740450025,0.725249528879369,28805
220,0.09342228343270519,0.09458720985762745,0.09289133360709247,0.7269257950530036,0.7247032221594121,0.7200361827227499,0.7271855099203814,0.7263322374819743,0.7228466536402263,30232
230,0.09342181200707766,0.0945868957178998,0.09289137385195971,0.7269257950530036,0.7247032221594121,0.7195838986883764,0.7272151287311103,0.7263322374819743,0.7224477221704209,31477
240,0.09218086794625946,0.09324912344722544,0.09158837863606634,0.7287632508833922,0.7263990955342001,0.7290818634102216,0.7301306426790789,0.7297653053547127,0.7332438963849424,32778
250,0.09209398116918915,0.09316582515882987,0.09159242682373561,0.7297526501766785,0.7247032221594121,0.7281772953414745,0.7313696866327821,0.7282769494462847,0.7325771855384022,34064
260,0.09150443895558123,0.09234824896477026,0.09090646914570137,0.7324381625441696,0.7280949689089882,0.7313432835820896,0.7350701015705032,0.7330689486502139,0.7373717252039342,35334
270,0.09124642069078184,0.09209767056447178,0.09058697905604235,0.7334275618374558,0.7303561334087055,0.7313432835820896,0.7356695202579143,0.734570281662738,0.736844560103146,36625
280,0.09114547316308623,0.09201515382975207,0.09059016834002673,0.734982332155477,0.7320520067834935,0.7349615558570782,0.73721759136483,0.7359010134493557,0.7406243715156625,38029
290,0.09064597984403074,0.09102737517210537,0.08989611414912736,0.7371024734982332,0.7354437535330696,0.7381275440976933,0.7380047915696151,0.7378806462483852,0.7415206617392829,39344
310,0.089810907120863,0.09025652443188005,0.08883594708849715,0.7369611307420495,0.7371396269078575,0.7345092718227046,0.7365901432394693,0.7380867013455223,0.7365366023067472,41979
320,0.08936081472413047,0.08985472734323928,0.08822450459923994,0.7369611307420495,0.7377049180327869,0.7354138398914518,0.7363715494554335,0.7379946219881133,0.7373404328707637,43306
330,0.08910558825493148,0.08962678010560819,0.08792336071433254,0.7371024734982332,0.7371396269078575,0.7340569877883311,0.7358994418081037,0.7370236496558735,0.7354020154752078,44683
340,0.08694286930813781,0.08761229070814798,0.08487116539425182,0.7488339222614842,0.7399660825325043,0.7480777928539123,0.7446621269051809,0.7358844106353487,0.7447622989542124,45980
350,0.08449624170658906,0.08508184268361545,0.08222632606748248,0.7560424028268551,0.7473148671565857,0.7535052012663953,0.7519069617260942,0.7431761616501918,0.7502100085258725,47262
360,0.08366001396677089,0.08398431537115986,0.08120431428182355,0.7609893992932862,0.7507066139061617,0.7575757575757576,0.7572912671856219,0.7469333422466508,0.7546217938252793,48624
370,0.08244043141192187,0.08221096155319105,0.07989081610480361,0.7609893992932862,0.7552289429055964,0.7630031659882406,0.7574623038415564,0.7518702355951318,0.7605100996799818,49893
380,0.08173254075520107,0.08142497317403204,0.07908961637761369,0.7622614840989399,0.7614471452798192,0.7693351424694709,0.7580361358575579,0.7572679604056245,0.7658421264998598,51198
390,0.07826234864755036,0.07800005242536322,0.0761194364799219,0.7734275618374559,0.7727529677784059,0.7770239710538218,0.7704786513182582,0.7702341914719517,0.7751363859965205,52536
410,0.07763187126155911,0.07699504732071065,0.0753828442483451,0.7759717314487633,0.7750141322781232,0.7783808231569426,0.7730111841794793,0.7723200104596518,0.7763507130990487,55164
420,0.07691908649546442,0.07613432070818117,0.07460248458481793,0.7762544169611307,0.7772752967778406,0.7806422433288105,0.7731130776474741,0.7744216813023334,0.7783705211602414,56561
430,0.0766600992042772,0.07588593684942412,0.07433277258090151,0.7773851590106007,0.7750141322781232,0.7815468113975577,0.7743007911543559,0.7720715062674818,0.77922878938498,58031
440,0.07634427021299424,0.07575655257679881,0.0739306192601293,0.7783745583038869,0.7778405879027699,0.7856173677069199,0.775164611683272,0.7746342277874974,0.7830066471223252,59448
450,0.07555776511457482,0.07487598444071313,0.07326938155391874,0.7792226148409894,0.7829282080271339,0.7842605156037992,0.7766886979402919,0.7806625903886255,0.783043674196273,60883
460,0.0751742390124212,0.07455660988987474,0.07268603962980932,0.7823321554770318,0.7834934991520633,0.7892356399819086,0.779283159869892,0.7805777719347344,0.7869220211703183,62184
470,0.07100841996642125,0.07032655343241269,0.06868339493347984,0.8024028268551237,0.8049745618993782,0.8082315694255993,0.7990981101594693,0.8017900687615371,0.8054052696299459,63536
480,0.07098240507242551,0.07028704199169597,0.06866928035900752,0.8014134275618374,0.8066704352741662,0.8077792853912257,0.7981174006726766,0.8035293081213919,0.8049619686421029,64908
490,0.07065471418024685,0.06977920310515041,0.06851218807462855,0.8008480565371024,0.8094968908988129,0.8059701492537313,0.7977410563490756,0.8065023049339369,0.8032999615066577,66255
510,0.07038035132166284,0.06924276695449866,0.06840293461662969,0.8031095406360425,0.8117580553985303,0.8064224332881049,0.8001925671660355,0.8089689475280706,0.8042536815832411,69095
520,0.07026221263634752,0.06914292412724261,0.06821199762130845,0.8040989399293286,0.8128886376483889,0.8104929895974672,0.8011517075825941,0.8100124177373418,0.8083470550688843,70525
530,0.07026221263634752,0.06914292412724261,0.06821199762130845,0.8040989399293286,0.8128886376483889,0.8104929895974672,0.8011517075825941,0.8100124177373418,0.8083470550688843,71906
540,0.06979039191218603,0.06847737356515705,0.06785518708740505,0.8025441696113074,0.8089315997738835,0.8118498417005879,0.7998337054311824,0.8062885892223987,0.8103905643050627,73253
550,0.06922201091816171,0.06818309787469147,0.06713782932953648,0.806643109540636,0.8168456755228943,0.8104929895974672,0.8034912785315534,0.8138296116079788,0.8077163071983322,74578
560,0.06744150565180818,0.06647223274994032,0.06551392459458615,0.8131448763250884,0.8224985867721877,0.8168249660786974,0.8100646098577909,0.8195381565583418,0.814204601156692,75862
570,0.06735454553413171,0.06643265476846678,0.06549977860667476,0.814416961130742,0.8224985867721877,0.8177295341474446,0.8114016956500585,0.819545146598598,0.8152933984805605,77196
580,0.0671583611395969,0.06610857326046449,0.065249738766787,0.8142756183745583,0.824759751271905,0.8204432383536862,0.8112854264799078,0.8218607529895694,0.8181180372380301,78555
590,0.06694218332208017,0.06591477430245703,0.06500167475442055,0.8156890459363958,0.8253250423968344,0.819538670284939,0.8125897454968494,0.8224193325835815,0.8168414709029652,79906
610,0.06393593597312885,0.06352074574766167,0.06198478137755104,0.8286925795053004,0.8309779536461278,0.830393487109905,0.8258402407659962,0.8281935091207161,0.827840447609152,82614
620,0.06371567324185902,0.06370672826531644,0.061894480540861434,0.8295406360424028,0.8321085358959864,0.8312980551786522,0.8267086076579007,0.8293645822659682,0.8285982926718864,83976
630,0.061975034863615684,0.0621221282419765,0.06035708018683343,0.8351943462897526,0.8360655737704918,0.8362731795567616,0.8324906041851502,0.8333922854457135,0.8336476882719448,85344
640,0.06138516333560654,0.06134049966114909,0.059770262035212934,0.8375971731448764,0.8377614471452798,0.8385345997286295,0.8349339580687098,0.8351237013697709,0.836088956718511,86661
650,0.06110748771807874,0.061020243097475085,0.05947132109700091,0.8385865724381626,0.8377614471452798,0.8407960199004975,0.8359439334381941,0.8351217837315111,0.8383416437844355,87997
660,0.060917257096095453,0.061068948926325264,0.059304891286860714,0.8404240282685512,0.8417184850197852,0.8430574400723655,0.8378201806989783,0.8391771100841259,0.8406657866696767,89314
670,0.06099171490673966,0.06102901860656802,0.05945020134233923,0.8395759717314487,0.8405879027699266,0.8435097241067391,0.8371215040223651,0.8382231488898159,0.8416076329133508,90808
680,0.05904759834335399,0.05904009206001976,0.05737093678783381,0.846643109540636,0.8468061051441492,0.8475802804161013,0.8441760983970871,0.8443820775721222,0.845484931027786,92202
690,0.057893068688406144,0.05753503703204474,0.056288252007876745,0.8486219081272085,0.8490672696438666,0.8525554047942108,0.8461863201441944,0.8466608193574716,0.8503419262833979,93607
710,0.05759833013378298,0.057037444341089955,0.05618827675233131,0.8497526501766784,0.851328434143584,0.8548168249660787,0.8473545438851067,0.848986616678483,0.8527955584007522,96389
720,0.057338718437075914,0.05655986332396802,0.056251856168703915,0.8436749116607773,0.8501978518937253,0.8484848484848485,0.8417581327262134,0.8480791883840018,0.8472412074088685,97685
730,0.05706308447943598,0.056318642835857614,0.055956121246633315,0.8455123674911661,0.8518937252685133,0.8516508367254636,0.8435894406310173,0.8497841594886992,0.8504129243974842,99070
740,0.05672527622986701,0.05629221784808304,0.055404751089325056,0.8476325088339223,0.8524590163934426,0.8530076888285844,0.8455023811558687,0.850242379005814,0.8513940490218227,100334
750,0.05672321720019688,0.056290796201298315,0.055402509580701836,0.8476325088339223,0.8524590163934426,0.8530076888285844,0.8455023811558687,0.850242379005814,0.8513940490218227,101635
760,0.056753374187428776,0.05625685654196725,0.0554575234915258,0.8465017667844523,0.8518937252685133,0.8525554047942108,0.8444006458035951,0.8497026684772834,0.8510426284937055,103050
770,0.05600743409901523,0.05566307627412963,0.05476936183058574,0.8508833922261484,0.853024307518372,0.8548168249660787,0.8491561352005637,0.8509939530622265,0.8537401672617244,104310
780,0.05590539092842473,0.05553164245922605,0.05465296544153174,0.8504593639575971,0.8547201808931599,0.8561736770691994,0.8487582582632857,0.8527646470932768,0.8551910430483645,105598
790,0.055669551839043964,0.055467056785637216,0.05442414250319351,0.850600706713781,0.8501978518937253,0.8561736770691994,0.8487866300018938,0.8481454799782916,0.8550836270574846,106934
810,0.05436391490331837,0.054097902427492024,0.053138361402711276,0.8559717314487633,0.8575466365178067,0.8579828132066938,0.8539962705761341,0.8554915030338812,0.8564059959632577,109677
820,0.053352565261051775,0.05342848262041498,0.05203876500962695,0.8573851590106008,0.8626342566421707,0.858887381275441,0.8557348631410346,0.8608559736822112,0.85777201469821,111135
830,0.053212790311223605,0.053495002699435225,0.051934969098983874,0.8578091872791519,0.861503674392312,0.858887381275441,0.8560242291444295,0.8596742332192926,0.8575317846701215,112488
840,0.05297410005755013,0.053245882114432444,0.05149930195959116,0.858374558303887,0.8603730921424534,0.8638625056535504,0.8563364090882281,0.8583471262954792,0.8621606268588086,113820
850,0.05148202479942667,0.05159785153393631,0.050185818542402116,0.8654416961130742,0.8654607122668174,0.8688376300316599,0.8634387352185126,0.8634588195656937,0.8671252010146057,115082
860,0.051223119250047966,0.0510350547160595,0.049936103007181876,0.8661484098939929,0.8677218767665348,0.8701944821347807,0.8641009940982194,0.8657113352585745,0.8683891113741655,116396
870,0.05100807623868914,0.05065638583995337,0.04977350719013108,0.8699646643109541,0.8699830412662521,0.8683853459972863,0.8679639431307077,0.8680000619453003,0.8665125852147622,117731
880,0.05078855285731987,0.049922989688623805,0.04949523530855013,0.8651590106007068,0.8677218767665348,0.8701944821347807,0.8635287194473049,0.8660653588395365,0.8690706989734072,119130
890,0.05076923514565244,0.050032504162137115,0.04935676337783461,0.8645936395759717,0.8660260033917467,0.8692899140660335,0.8626875666123477,0.8641340135043503,0.8678244005683698,120635
910,0.049910983216261424,0.04899311296675572,0.048473539861937746,0.8660070671378092,0.8677218767665348,0.872003618272275,0.8640446490753032,0.8658169242388674,0.8704664128024743,123259
920,0.04984032508357353,0.04885483612002375,0.048402499321218456,0.867279151943463,0.8677218767665348,0.8729081863410222,0.8654077661755152,0.8658675498361316,0.8715981853927885,124616
930,0.049461312893365236,0.048536687592117225,0.047970075963387857,0.8689752650176679,0.8699830412662521,0.8742650384441429,0.8670203448658459,0.8680897105444154,0.8727714875428204,126012
940,0.049461312893365236,0.048536687592117225,0.047970075963387857,0.8689752650176679,0.8699830412662521,0.8742650384441429,0.8670203448658459,0.8680897105444154,0.8727714875428204,127320
950,0.04935438570795152,0.048291853519729804,0.04792078066476204,0.8699646643109541,0.8699830412662521,0.8742650384441429,0.8682950770763886,0.8684349836054167,0.8732526025238067,128695
960,0.04922731817338448,0.048257342305992865,0.047723308722473066,0.8703886925795054,0.8711136235161108,0.8760741745816373,0.8686674197670571,0.869499714859435,0.8749878660340082,130063
970,0.04877103086792083,0.047961915804409685,0.04755965352061724,0.8709540636042403,0.8716789146410401,0.8742650384441429,0.8692926385176261,0.8702157683052602,0.8732526025238067,131399
980,0.048668840836661106,0.047801969209679905,0.04749090716347207,0.8695406360424028,0.8722442057659695,0.8724559023066486,0.8679281490192498,0.8708100531253193,0.8715233418222443,132830
990,0.04829592793171842,0.047280137186617756,0.04759135965392398,0.8713780918727915,0.8728094968908988,0.872003618272275,0.8699680701066798,0.8714046862482661,0.8713613796645538,134253
1010,0.04808707528213076,0.04728098219842812,0.04703302998973921,0.8718021201413427,0.8711136235161108,0.8738127544097694,0.8700444378738932,0.8693948752969103,0.872512733724455,136828
1020,0.04809557683770766,0.04747999475286633,0.04704680130369467,0.8705300353356891,0.8699830412662521,0.872003618272275,0.8685600243945283,0.8681351504640481,0.8704664128024743,138162
1030,0.047810998487535915,0.047120092354556393,0.04672561890043361,0.8715194346289753,0.8716789146410401,0.8747173224785165,0.8695919670859275,0.8698678795452122,0.873213067902739,139471
1040,0.04769286326402844,0.047135797059279345,0.04661315901398133,0.8750530035335689,0.8728094968908988,0.8769787426503844,0.8732271229799312,0.8710404326953977,0.8755506767903376,140775
1050,0.048580075709324134,0.04794015373989087,0.04723451330071614,0.8705300353356891,0.8694177501413228,0.8765264586160109,0.8685699220940684,0.8675056725231919,0.874983381991691,142063
1060,0.04724013206744869,0.046702014161255835,0.04631097676742764,0.8737809187279152,0.8716789146410401,0.8760741745816373,0.8719383854804225,0.8698939822709805,0.8746353864321104,143376
1070,0.04698398894092688,0.04654545756598821,0.04595378317960065,0.8736395759717315,0.8711136235161108,0.8765264586160109,0.8717300370187875,0.869282087383692,0.8749548578096192,144688
1080,0.04677599853374176,0.04609064089033808,0.04558500061853814,0.8768904593639576,0.8694177501413228,0.8801447308909995,0.8750078868231315,0.8675056725231919,0.8784790573219351,145985
1090,0.046462410675836244,0.04578463975955039,0.04527920196752922,0.8778798586572438,0.8733747880158281,0.8819538670284939,0.8760099885956404,0.871496938026233,0.8802338236559439,147242
1110,0.045971310589342534,0.0452695934558305,0.04497345734492897,0.8802826855123675,0.8767665347654042,0.8824061510628675,0.8785086440438752,0.8749950762313369,0.8808962913281959,149952
1120,0.04592760487005838,0.04535199874787821,0.044849031448363406,0.879434628975265,0.8762012436404748,0.8810492989597467,0.8776040222043663,0.8744321264900101,0.8794375846238967,151223
1130,0.04479055038886518,0.044571312225630086,0.04371851204293817,0.88113074204947,0.8778971170152629,0.8842152872003618,0.8793158209989889,0.8761423452181353,0.8825641802007167,152527
1140,0.04510478821771397,0.044799526656138414,0.04398065182928362,0.88113074204947,0.8784624081401922,0.8846675712347354,0.8793157563445134,0.8767061243734061,0.8830155778279828,153860
1150,0.044487507095501214,0.04432739090431332,0.04366069957022055,0.8822614840989399,0.8784624081401922,0.885119855269109,0.8805018258943714,0.8768570203538457,0.8837570531811789,155119
1160,0.04446407727808227,0.044402033072818474,0.043658428740574365,0.8822614840989399,0.8767665347654042,0.8855721393034826,0.8804694657849813,0.8749753543263652,0.8840016416034244,156482
1170,0.04439012212818158,0.04428118684200348,0.043660205623246774,0.8831095406360424,0.8778971170152629,0.8846675712347354,0.8813350975868343,0.8761423452181353,0.8831050422856196,157732
1180,0.04438555209452213,0.04427548637053243,0.043656447897550056,0.8831095406360424,0.8778971170152629,0.8846675712347354,0.8813350975868343,0.8761423452181353,0.8831050422856196,159016
1190,0.044243061295247736,0.04406202920685108,0.043586990456041134,0.8826855123674912,0.8812888637648388,0.8873812754409769,0.8809121674910259,0.8796268822894714,0.8858992408452663,160322
1210,0.04401231135893157,0.04378794575403051,0.043381431205206905,0.8833922261484098,0.8818541548897683,0.8869289914066033,0.8816425447854157,0.8802372272889339,0.8854527594953497,162984
1220,0.04421414985197233,0.043947502313593505,0.04367985017525511,0.8836749116607774,0.8824194460146976,0.8873812754409769,0.882080563305702,0.8809835289361216,0.8861944025216905,164279
1230,0.04511751933969602,0.044442857496352815,0.044296503269395354,0.8814134275618375,0.8795929903900509,0.8824061510628675,0.8796607531972738,0.877919135223428,0.8808962913281959,165586
1240,0.04393385160760414,0.04357739529397897,0.04332074951476763,0.8836749116607774,0.8824194460146976,0.8869289914066033,0.8819407755668166,0.8808235584022057,0.8854772354920132,166864
1250,0.04395965586157046,0.04361503516499588,0.043246024617192486,0.8835335689045937,0.8812888637648388,0.8860244233378561,0.8817803327986915,0.8796512370109091,0.8845363815713125,168222
1260,0.043914540562337165,0.04361670349551523,0.04323890867260982,0.8838162544169611,0.8835500282645562,0.8864767073722297,0.8820828912494619,0.8819695362474816,0.8850066952204696,169544
1270,0.04380717840787607,0.04340176959378296,0.04303722915381056,0.8850883392226149,0.8829847371396269,0.8864767073722297,0.883355905066736,0.8813584864757229,0.8849187061332695,170841
1280,0.04380625114618638,0.04339883160772652,0.043036085038668126,0.8848056537102473,0.8829847371396269,0.8864767073722297,0.883070340626285,0.8813584864757229,0.8849187061332695,172128
1290,0.04372134730231211,0.04357745427161716,0.042508558824127525,0.8824028268551237,0.8790276992651216,0.8900949796472184,0.8806159921265897,0.8772535133030818,0.8885102277256347,173374
1310,0.04293549554800412,0.04263374670883519,0.04182365248325475,0.8860777385159011,0.8812888637648388,0.8923563998190864,0.8843594215889075,0.8796045195770386,0.8909082631799149,176052
1320,0.044075560180455706,0.04346928821586246,0.043430789542309306,0.8840989399293286,0.8824194460146976,0.8905472636815921,0.8824095966593863,0.8808515803507272,0.8892498359675086,177447
1330,0.0432079199776138,0.042777230354138926,0.04248682633002671,0.8846643109540636,0.8790276992651216,0.8896426956128448,0.882967535711562,0.877333660225469,0.8883343721712813,178868
1340,0.04253780094735422,0.042164985337365374,0.04180964744799894,0.8853710247349823,0.8824194460146976,0.8919041157847128,0.8836797479969905,0.880773493319769,0.8905805605825688,180326
1350,0.04239322251090299,0.04194904483772433,0.04179998550778027,0.8843816254416961,0.8812888637648388,0.89280868385346,0.8826572767889495,0.8796268822894714,0.8915532142192633,181759
1360,0.042345006949065775,0.0418645922306303,0.041777052382347094,0.884946996466431,0.8841153193894856,0.8932609678878336,0.8832262585598161,0.882426796546885,0.8919678535648575,183217
1370,0.04232293154241125,0.041818513907175864,0.04185564488932693,0.8865017667844522,0.886376483889203,0.8941655359565808,0.8848154246900677,0.8847223540245196,0.8929116911465033,184589
1380,0.04242241656314526,0.042228119449650006,0.042000764422958727,0.8852296819787986,0.886376483889203,0.8932609678878336,0.8835899122183567,0.8847759310778069,0.8920568795005764,185832
1390,0.04220748858945169,0.04208386751403786,0.04190948828810073,0.8870671378091873,0.8869417750141323,0.8950701040253279,0.8854669218751684,0.885407469781693,0.89402270716581,187185
1410,0.041876587204990906,0.04165028151250223,0.04161147774807512,0.8870671378091873,0.8886376483889203,0.8959746720940751,0.8855068976099197,0.8871960572097178,0.8950124751281784,189920
1420,0.04191098526035412,0.04171612803737218,0.04164632088632624,0.8869257950530035,0.8880723572639909,0.8941655359565808,0.8853729771931355,0.8866084377913601,0.8931455447002243,191355
1430,0.04167031458462054,0.04164420599147872,0.0412813174900921,0.888339222614841,0.8875070661390616,0.8941655359565808,0.8867220700271229,0.885944288133499,0.8930722282389225,192746
1440,0.04130031544022598,0.041331294506254224,0.04086654941866814,0.8884805653710247,0.8880723572639909,0.8955223880597015,0.886867646574702,0.8865289850989595,0.894426772333049,194017
1450,0.04129467152942962,0.04139106320478378,0.04081292261849268,0.887773851590106,0.8886376483889203,0.8941655359565808,0.8861761242253662,0.8871393493060428,0.893037518085086,195260
1460,0.04123131296716789,0.041482462796724,0.040681021339324316,0.8921554770318021,0.8852459016393442,0.8968792401628223,0.8905539650728256,0.8835907484398537,0.895717359509347,196545
1470,0.04048974395939189,0.040673717221024946,0.03986317904992659,0.8920141342756184,0.8880723572639909,0.8955223880597015,0.8903929495596208,0.8864371275970688,0.8941267998798736,197846
1480,0.04046418280183229,0.04058157332573548,0.03987921164214841,0.8918727915194347,0.8880723572639909,0.8946178199909544,0.8902478593064757,0.8864146624129058,0.893190550841274,199124
1490,0.0404712080354642,0.04049152387373269,0.04000721505550827,0.8910247349823321,0.8875070661390616,0.8955223880597015,0.8893937797872828,0.8858856231036805,0.8941928625570225,200494
1510,0.04019440798086158,0.040090287578373573,0.03983846720407441,0.8928621908127209,0.8886376483889203,0.8986883763003166,0.8913126274914235,0.887114030239023,0.8976453663439056,203127
1520,0.04018975277204753,0.040286127519433605,0.03958166387241506,0.8908833922261484,0.8875070661390616,0.8977838082315694,0.8892455898246917,0.8858701327570233,0.8964284123766153,204413
1530,0.04014553698875928,0.03996065367452516,0.03981472540756371,0.8910247349823321,0.8880723572639909,0.9000452284034374,0.8894497401817805,0.8865065484543948,0.8990003110488027,205687
1540,0.040055406174033595,0.03985602980134848,0.03968092181664426,0.8911660777385159,0.8886376483889203,0.900497512437811,0.8895952433043074,0.8870907385458311,0.8994410385925444,206928
1550,0.04003106617379526,0.03987729917629578,0.03962384976262142,0.8921554770318021,0.8903335217637083,0.9009497964721845,0.8905823635372878,0.8887997705004577,0.8998821778963401,208215
1560,0.04005562648835077,0.039980575044382044,0.03965086727692069,0.8915901060070671,0.8903335217637083,0.900497512437811,0.8900015951662343,0.8887997705004577,0.8993778395005357,209529
1570,0.04002687907807257,0.039879968159257054,0.03960800929208583,0.8917314487632508,0.889768230638779,0.9014020805065581,0.8901434949888446,0.8882162506275978,0.9002929594956107,210865
1580,0.04055928274401292,0.04073539024116449,0.04045655774740287,0.8915901060070671,0.8852459016393442,0.8968792401628223,0.8900276462603327,0.8837018790910153,0.8958516465532609,212268
1590,0.03995165395409772,0.04007465315601035,0.03972864961497856,0.8918727915194347,0.8880723572639909,0.8995929443690638,0.8903230831550596,0.8865065484543948,0.8985262499538588,213527
1610,0.03971468266394625,0.04009003589936653,0.039504529259234075,0.8920141342756184,0.8880723572639909,0.8977838082315694,0.8904215926421568,0.8864861409575495,0.8966023547922163,216191
1620,0.039607066283580475,0.04008566258568332,0.03952658235234819,0.8925795053003533,0.8886376483889203,0.898236092265943,0.8909958005367938,0.8870694774457502,0.8970748550898117,217466
1630,0.039566754091089174,0.0399856697553078,0.03946736458294443,0.8918727915194347,0.889768230638779,0.898236092265943,0.8902854379100636,0.8881973524118848,0.8971055530598055,218698
1640,0.0395062528132465,0.039945440154870795,0.03935528472599037,0.8927208480565371,0.8903335217637083,0.8991406603346902,0.8911465856181141,0.8887800147368438,0.8980856033095052,220023
1650,0.03950214669400889,0.03994240171785819,0.03935077081391888,0.8927208480565371,0.8903335217637083,0.8991406603346902,0.8911465856181141,0.8887800147368438,0.8980856033095052,221419
1660,0.03948220308767026,0.03978055059329432,0.0397544521579239,0.8946996466431095,0.889768230638779,0.8973315241971959,0.8933367600297768,0.8884406133091373,0.8965712064923308,222775
1670,0.039345436095729755,0.0397203206255147,0.03960250638322899,0.8945583038869258,0.8903335217637083,0.8977838082315694,0.8931350740452272,0.8889291079495125,0.8968801068658478,224041
1680,0.03922624275166702,0.03965864527153774,0.03942581216065265,0.8938515901060071,0.8925946862634256,0.8977838082315694,0.8923800102374148,0.8911626148934781,0.896840801339274,225479
1690,0.03922356844573766,0.03968778031765627,0.03940534993409334,0.8934275618374559,0.8903335217637083,0.8964269561284487,0.8918627246187955,0.8887466414885609,0.8953078263140849,226905
1710,0.039107782242854466,0.039700484683087,0.039276296415745794,0.8944169611307421,0.889768230638779,0.8968792401628223,0.892844586544201,0.8881656902094855,0.8956580825245887,229558
1720,0.03848223636762511,0.03896716797318985,0.03866474360889785,0.8969611307420494,0.891464104013567,0.8991406603346902,0.8954338874233326,0.8898697790355533,0.8978346570210997,230857
1730,0.03846855907681997,0.03894189560891526,0.03870118505943548,0.8978091872791519,0.8908988128886377,0.8995929443690638,0.8962916220414837,0.8892907114443059,0.8983270373128031,232180
1740,0.03788144815307698,0.03852129735451929,0.03831837663226875,0.8995053003533569,0.896551724137931,0.9023066485753053,0.8980602373921711,0.8950799652559592,0.9013384646552574,233528
1750,0.037854901329902026,0.0384638475211382,0.03828430157422007,0.8997879858657244,0.8954211418880723,0.9014020805065581,0.8983665720340019,0.8939501165158156,0.9005361645818643,235041
1760,0.03765830948382264,0.03847625730313984,0.037912825666743595,0.9006360424028269,0.893159977388355,0.9027589326096789,0.8991614082169441,0.8915973124888562,0.9015951703433163,236349
1770,0.037595251801626754,0.03854458083388642,0.03789890466295666,0.9023321554770318,0.893159977388355,0.9023066485753053,0.9008875445000274,0.8915973124888562,0.901150865265128,237633
1780,0.03769309231832924,0.03851440923018483,0.03816023117871754,0.9013427561837456,0.8937252685132844,0.9018543645409317,0.8999266864321785,0.8922396035613153,0.90097368831649,238908
1790,0.03762558522270708,0.03857885777161749,0.03790848560633344,0.9009187279151943,0.8942905596382137,0.9032112166440525,0.8994489575578368,0.892770247021542,0.9021536357937723,240246
1810,0.03734024438367745,0.03790012781777059,0.037403883514561996,0.9019081272084806,0.8971170152628604,0.9050203527815468,0.9004664635409471,0.8956993158489103,0.9040149817601056,242820
1820,0.037238478499143475,0.03794603475681025,0.03709318951476278,0.9014840989399293,0.8976823063877897,0.9077340569877883,0.900050824466175,0.8961815927792114,0.9064932773527642,244194
1830,0.03720291332591188,0.037978742143478524,0.03698904629581993,0.9014840989399293,0.8971170152628604,0.9072817729534147,0.900050824466175,0.895611291524663,0.9060616611005774,245534
1840,0.03708753676675389,0.03810604351808769,0.036906426175746236,0.9034628975265018,0.8971170152628604,0.9077340569877883,0.9020496406025678,0.895611291524663,0.9065710632108862,246878
1850,0.03708383858768641,0.03807576562915767,0.036829684230457765,0.9027561837455831,0.8971170152628604,0.9068294889190411,0.9013480100852151,0.8956039386159899,0.9055765118140071,248177
1860,0.03705045741561042,0.03799617013017714,0.03684794618070813,0.9031802120141342,0.8971170152628604,0.9081863410221619,0.9017638406057052,0.895611291524663,0.9069781347484738,249495
1870,0.03675161442211354,0.03782406025018775,0.03663376269936352,0.9054416961130742,0.896551724137931,0.9090909090909091,0.9040506132624918,0.8951158914088665,0.9079794271234767,250803
1880,0.03670640054266551,0.03788794989418376,0.03654934885773913,0.9051590106007067,0.8959864330130017,0.9086386250565355,0.9037706457967132,0.8944986486482543,0.9074870660879752,252146
1890,0.036749191414415946,0.037951795073535806,0.03659844587737404,0.9064310954063605,0.896551724137931,0.9095431931252826,0.9050537797506294,0.8950968896892928,0.90852903940298,253412
1910,0.036229345465501404,0.03757605210884634,0.036014212997687,0.9065724381625442,0.899943470887507,0.911352329262777,0.9052018657740942,0.8985212716495641,0.9102806607762934,256073
1920,0.03599841443971356,0.03731428277976486,0.035754568574034855,0.9067137809187279,0.9005087620124365,0.9118046132971506,0.9053441179293965,0.8991024466576545,0.9107506871621635,257392
1930,0.03602651091096795,0.037366254970129326,0.03556871685673853,0.9060070671378092,0.8971170152628604,0.9131614654002713,0.9046520405362096,0.895611291524663,0.9120101050614355,258659
1940,0.035711141459027325,0.037035749434684476,0.03541553088058941,0.9065724381625442,0.9022046353872244,0.9118046132971506,0.9052043642951573,0.9008023081221452,0.9107266165679023,259895
1950,0.035708506111371593,0.03698616613228184,0.03540134128561519,0.9072791519434629,0.9027699265121537,0.9118046132971506,0.9059257455573676,0.9013703209340984,0.9107506871621635,261156
1960,0.035874921305389836,0.03724884808364301,0.035510710044274044,0.9086925795053004,0.9016393442622951,0.911352329262777,0.9073746153067953,0.9001985765350394,0.9102143339657521,262467
1970,0.03527284284068113,0.036746066621924076,0.03480390837635217,0.9077031802120141,0.9016393442622951,0.9127091813658977,0.906429831934633,0.9001985765350394,0.9115135773548306,263725
1980,0.035269434930995054,0.036750888990595004,0.03480308282049875,0.9075618374558304,0.9016393442622951,0.9131614654002713,0.9062833522216093,0.9001985765350394,0.9119790175492655,265022
1990,0.03520398302822581,0.036666319931499984,0.03478698536334996,0.9072791519434629,0.9016393442622951,0.9131614654002713,0.905969624443034,0.9001985765350394,0.9119938705831986,266393
2010,0.03508861594984853,0.036420913040946495,0.034742459062154334,0.9077031802120141,0.899943470887507,0.9136137494346449,0.9063794185828485,0.898478553169917,0.9124951847917567,268932
2020,0.03503233969482189,0.03637867913009356,0.034726047923158726,0.9074204946996467,0.9016393442622951,0.9131614654002713,0.9060915222454764,0.9002125484646835,0.9120467116297684,270235
2030,0.034890044382790746,0.036274639083826096,0.03442437613762962,0.9084098939929328,0.9027699265121537,0.9145183175033921,0.9071180030125928,0.9013528038635373,0.9133768164298807,271583
2040,0.03479591612412097,0.03640900970067228,0.03409654737031018,0.9074204946996467,0.9033352176370831,0.9140660334690185,0.9061959807844295,0.9019387866466058,0.9128708334184467,272973
2050,0.03456739442284474,0.036052587725980266,0.033958201390612966,0.9074204946996467,0.9016393442622951,0.9127091813658977,0.906151367706285,0.9001931098118708,0.9115135773548306,274369
2060,0.03449082545631369,0.03597507580729353,0.0339891488438452,0.9085512367491166,0.9050310910118711,0.9136137494346449,0.9072564503758485,0.9036445548960086,0.9124769766357232,275645
2070,0.034529369510067257,0.03594309076977814,0.034086273225703234,0.9085512367491166,0.9067269643866591,0.9127091813658977,0.9072372606301389,0.905374828227868,0.911578901806136,276999
2080,0.03447489530050456,0.03599049171882119,0.03400314838260765,0.9074204946996467,0.9044657998869418,0.9131614654002713,0.9061010174638324,0.9030724738711755,0.9120277192924287,278298
2090,0.03448015541808515,0.035982206046340504,0.03400098638508138,0.9075618374558304,0.9044657998869418,0.9131614654002713,0.9062433292078343,0.9030724738711755,0.9120277192924287,279585
2110,0.03436301006534215,0.035714300076916373,0.03381467828393614,0.9098233215547703,0.9055963821368005,0.9154228855721394,0.9085581883443973,0.9042173522580392,0.9143277507629807,282216
2120,0.03434658772070788,0.035710966815289014,0.033824515302459696,0.9096819787985866,0.9050310910118711,0.9140660334690185,0.9084047992491339,0.9036418461261806,0.9129440972164657,283576
2130,0.034326743545702525,0.03586797474278516,0.0337974804424646,0.9098233215547703,0.9044657998869418,0.9149706015377658,0.9085340340133369,0.9030724738711755,0.9139204643679549,284937
2140,0.0341407838186921,0.035690851785257646,0.03421377695390098,0.9086925795053004,0.9112492933860938,0.9127091813658977,0.907391456017472,0.9101004776616186,0.9118717621750508,286280
2150,0.03414438965704483,0.03569590904734884,0.034107590929571996,0.9088339222614841,0.9101187111362352,0.9122568973315242,0.9075398615812611,0.9089315563284812,0.9114318413830449,287651
2160,0.03408907233711799,0.03556022675132488,0.03409207090542964,0.9091166077738516,0.9101187111362352,0.9127091813658977,0.9078170359678023,0.9089099939709606,0.9118717621750508,288979
2170,0.03388881163420922,0.035323338737873,0.03402508663238521,0.909399293286219,0.9123798756359525,0.911352329262777,0.9081009761414096,0.911201640774846,0.9104831612943667,290449
2180,0.03372859342694173,0.03527664162745436,0.03372867543794388,0.9096819787985866,0.9101187111362352,0.9122568973315242,0.9083878543887394,0.9089099939709606,0.9113976309449275,291798
2190,0.03362991601216492,0.034880146173077026,0.03365424981129527,0.9125088339222615,0.9106840022611645,0.9145183175033921,0.911243366997704,0.9094548119031266,0.9136356346210609,293183
2210,0.03344606936872189,0.03487961001344324,0.03351250475282841,0.911660777385159,0.9095534200113058,0.9140660334690185,0.910372598874463,0.9082779415830501,0.9131046393145115,295896
2220,0.03344606936872189,0.03487961001344324,0.03351250475282841,0.911660777385159,0.9095534200113058,0.9140660334690185,0.910372598874463,0.9082779415830501,0.9131046393145115,297225
2230,0.03339521082048143,0.034776573834260346,0.033428796350377106,0.911660777385159,0.9095534200113058,0.9136137494346449,0.9103717502390044,0.9082779415830501,0.9126333362007365,298626
2240,0.033362169721832084,0.03494763069656638,0.03311925875049416,0.9143462897526502,0.9112492933860938,0.9158751696065129,0.9131111007123869,0.9099633547257172,0.9147952781256162,300059
2250,0.03334227370569231,0.035017962899280365,0.03309653832367491,0.9136395759717314,0.9101187111362352,0.9154228855721394,0.9123949617775082,0.9088127133544812,0.9143469627422222,301471
2260,0.03311411766443751,0.03502583932865175,0.03282531717752454,0.9144876325088339,0.9072922555115884,0.9158751696065129,0.9132787803237823,0.905946934035881,0.9147768530645402,302786
2270,0.03332835258313029,0.03545785293440367,0.033276672279077636,0.9137809187279152,0.9061616732617298,0.9140660334690185,0.9125419333440784,0.9047906789681084,0.9129629004617411,304153
2280,0.03353234325337027,0.03554656196554207,0.03286510841049864,0.9123674911660777,0.9033352176370831,0.9154228855721394,0.9111991590358379,0.9019624295117918,0.914241625853574,305500
2290,0.03279563056401972,0.03458841178311803,0.03289843390241135,0.9159010600706714,0.9152063312605992,0.9167797376752601,0.9147016114619843,0.9140399772362433,0.9159072337978319,306800
2310,0.032583922570552495,0.034604668454581614,0.03253787581553793,0.9143462897526502,0.9118145845110232,0.9154228855721394,0.9131001082375275,0.9105511784510646,0.9144128938769894,309613
2320,0.03259463677085953,0.03462581045366571,0.03251408985140716,0.9149116607773852,0.9118145845110232,0.9149706015377658,0.9136764279128905,0.9105441136803771,0.9139204643679549,311034
2330,0.0325156537572802,0.03460467771993812,0.032610825469726386,0.9147703180212015,0.9118145845110232,0.9163274536408865,0.9135297919316583,0.910560413617435,0.9153530076437906,312367
2340,0.03247612029029327,0.034569209452471265,0.032602435532568176,0.9153356890459364,0.9112492933860938,0.9163274536408865,0.9141081698478191,0.9100049408211381,0.9154349729885224,313825
2350,0.032413855200892905,0.0343420738320406,0.03270387022787946,0.9173144876325088,0.9095534200113058,0.9167797376752601,0.9161829185157199,0.908482886851356,0.9161119646819825,315161
2360,0.03236956714458042,0.034198454668030405,0.03258348852038525,0.9181625441696113,0.9101187111362352,0.9176843057440073,0.9170607636406591,0.9090713762320639,0.9169884235598974,316587
2370,0.03219999451417338,0.03454624176080204,0.03219328770054329,0.9159010600706714,0.9135104578858112,0.9185888738127544,0.9146790969067836,0.9122984871291898,0.9176292133650604,318108
2380,0.032196104744883026,0.034611068151478144,0.03235223864264172,0.9168904593639576,0.9118145845110232,0.9181365897783809,0.9156979439561961,0.9106189822942549,0.917294465440263,319539
2390,0.032026737673529405,0.034231118889342084,0.0320837580431349,0.9167491166077738,0.9129451667608819,0.9203980099502488,0.9155407087028942,0.9116875257039779,0.9194370643274193,320993
2410,0.03201035407216875,0.03419216826075415,0.03204816863408247,0.9168904593639576,0.9101187111362352,0.921302578018996,0.9156857438020473,0.9088257065488792,0.9203527046805919,323991
2420,0.03208408096880498,0.03396748089256007,0.03241413317347088,0.91773851590106,0.9089881288863765,0.9199457259158752,0.9165986148688536,0.907836162730476,0.9191868968124721,325508
2430,0.031945955876585844,0.03398405338781407,0.03220572302916351,0.9191519434628975,0.9118145845110232,0.9226594301221167,0.9180065610449599,0.9106189822942549,0.9218680039237486,327028
2440,0.03183809482852572,0.03413004544702092,0.03192263213186245,0.9187279151943463,0.9112492933860938,0.9226594301221167,0.9175636055942151,0.9099633547257172,0.9216757264395813,328523
2450,0.03175540770042595,0.0339444945257512,0.03182787745910124,0.91886925795053,0.9118145845110232,0.9235639981908639,0.9177003301806922,0.9105392233003402,0.9226107579310509,329972
2460,0.03170674890105006,0.03392284605663498,0.031735634965684,0.9180212014134276,0.9112492933860938,0.9222071460877431,0.9168380654200158,0.9099673333080893,0.9212271092331848,331442
2470,0.03168330763739983,0.033902623902027376,0.03157599013780432,0.91773851590106,0.9129451667608819,0.9226594301221167,0.9165621526583575,0.9116851708151479,0.9216580146476416,332900
2480,0.03162259550754468,0.03387924339036668,0.03149318906226739,0.9175971731448763,0.9101187111362352,0.9222071460877431,0.9164173162035507,0.9088127133544812,0.9211758066374285,334305
2490,0.031535592208133505,0.033703905079067384,0.03152984505666205,0.9181625441696113,0.9135104578858112,0.9226594301221167,0.9169801452380268,0.9122690424809216,0.9217153743208296,335644
2510,0.03150412911657315,0.0337072723968415,0.03165671792780905,0.9181625441696113,0.9112492933860938,0.9231117141564903,0.9169777356001124,0.9099922928279619,0.9222065322502478,338519
2520,0.031465653081650356,0.03367953096013242,0.03157389390806475,0.9174558303886926,0.9106840022611645,0.9222071460877431,0.9162628344741802,0.909424878441266,0.9213151936346634,339990
2530,0.031404504620638714,0.03346027391820086,0.0317787445004867,0.9192932862190812,0.9106840022611645,0.9208502939846224,0.9181975715739259,0.9095960918745053,0.920134722203602,341483
2540,0.03137176442398224,0.033417546377972,0.03173354228575998,0.9190106007067138,0.9112492933860938,0.9194934418815016,0.9178982350103027,0.9101835178174292,0.9187807148382376,342906
2550,0.03135276585789798,0.0333882322243147,0.031681414386225897,0.91886925795053,0.9118145845110232,0.9208502939846224,0.9177415284652486,0.9107405943853558,0.9201012886306766,344342
2560,0.031100556351442096,0.033232430309688546,0.03130113171609993,0.9173144876325088,0.9140757490107405,0.9240162822252375,0.9161149904177945,0.9128656890061186,0.9230996257380227,345831
2570,0.031089859358078363,0.0332133632460462,0.03128351459399643,0.9171731448763251,0.9135104578858112,0.9240162822252375,0.9159713603708729,0.9122864970394389,0.9230996257380227,347341
2580,0.031031238826586847,0.033119575616559344,0.03125201078768974,0.9184452296819788,0.9152063312605992,0.9249208502939846,0.9172642400993104,0.9139939999646995,0.9240152660898076,348658
2590,0.030988671004720875,0.033079813898165326,0.031246728491402115,0.9195759717314488,0.9157716223855286,0.9253731343283582,0.9184128018021842,0.9145715553909312,0.9244839623062308,350265
2610,0.030926199638756566,0.03299219634478215,0.031124566265672112,0.92,0.9146410401356698,0.9253731343283582,0.9188466146411265,0.9134117120650503,0.9244625637529782,353078
2620,0.030927117153960595,0.0329930638828148,0.03112570107138992,0.92,0.9146410401356698,0.9253731343283582,0.9188466146411265,0.9134117120650503,0.9244625637529782,354513
2630,0.030864337211309555,0.033008844594515176,0.031100701106783434,0.9198586572438162,0.9152063312605992,0.9249208502939846,0.9187005986201857,0.9140126258578253,0.9240152660898076,355943
2640,0.030796272111600843,0.03302857807818041,0.03095651956803926,0.920565371024735,0.9157716223855286,0.924468566259611,0.9194263201861839,0.9145645997497548,0.9235266690029371,357318
2650,0.030796272111600843,0.03302857807818041,0.03095651956803926,0.920565371024735,0.9157716223855286,0.924468566259611,0.9194263201861839,0.9145645997497548,0.9235266690029371,358728
2660,0.030790922560766786,0.03296413943546656,0.030946534670101663,0.9202826855123675,0.9152063312605992,0.9249208502939846,0.9191374381019042,0.9139939999646995,0.9239944849332888,360091
2670,0.0309675685896742,0.0334440260919633,0.030761853545543286,0.9204240282685512,0.9129451667608819,0.9240162822252375,0.9193005769025809,0.9116850049205116,0.923008946952341,361499
2680,0.03070736335347848,0.03268914490126369,0.03087867299639554,0.9208480565371024,0.9157716223855286,0.924468566259611,0.9197052257357067,0.9145920334320417,0.9235684106330284,362867
2690,0.03068266288703599,0.03280463436966165,0.030788304125387803,0.92,0.9157716223855286,0.9258254183627318,0.9188529837772041,0.9145645997497548,0.9248911207351195,364240
2710,0.03062563151964142,0.032841727521140715,0.030729534893392963,0.9201413427561838,0.9169022046353872,0.9258254183627318,0.9189907759934154,0.9157079645446412,0.9248911207351195,367127
2720,0.030663330190323763,0.032794686540048607,0.03067972447284704,0.9197173144876325,0.9174674957603166,0.9249208502939846,0.9185602338049148,0.9162807352617752,0.9239944849332888,368541
2730,0.030581457014202628,0.03293705660914962,0.03072191252025654,0.9195759717314488,0.9157716223855286,0.9249208502939846,0.918412994752706,0.9145715553909312,0.9239944849332888,370025
2740,0.030545859318183037,0.03285804284788669,0.030837105476493907,0.920565371024735,0.9169022046353872,0.9240162822252375,0.9194214070759302,0.9157388065815297,0.9231457742672049,371360
2750,0.030546147133084383,0.03286064414683813,0.03083581326291595,0.9204240282685512,0.9163369135104579,0.9240162822252375,0.9192795318018594,0.9151718237223572,0.9231457742672049,372671
2760,0.03051718105792018,0.03299027557738588,0.03066007790041706,0.9187279151943463,0.9169022046353872,0.9249208502939846,0.9175515118044457,0.9157189926448608,0.9239944849332888,374111
2770,0.030511072405373867,0.033032670702492634,0.030645326489748374,0.9198586572438162,0.9169022046353872,0.926729986431479,0.9187017265419568,0.915712378378456,0.925846546792345,375466
2780,0.030381500879511,0.03308630814513477,0.030504675031127665,0.9222614840989399,0.9152063312605992,0.9240162822252375,0.9211421166960938,0.9140022203346007,0.9230996257380227,376870
2790,0.030268684189095035,0.03299167324535923,0.03050249756355129,0.9233922261484099,0.9146410401356698,0.924468566259611,0.9222897213950001,0.9134335991422013,0.9236157932974406,378292
2810,0.030032670830404135,0.03298988684832948,0.03000882171026793,0.9204240282685512,0.9152063312605992,0.9262777023971054,0.919283374613083,0.9139841304941847,0.9253076077051342,381051
2820,0.03002813789824405,0.032907013201503306,0.02998694495432157,0.9208480565371024,0.9163369135104579,0.926729986431479,0.919717153909256,0.9151359203269739,0.9257586574245338,382499
2830,0.030008473235035766,0.032764718387902236,0.030080523075726583,0.9201413427561838,0.9152063312605992,0.9258254183627318,0.9189907759934154,0.9139879686719125,0.9248733552752753,383937
2840,0.02998311634319989,0.03272630798399267,0.030103950027999968,0.9207067137809187,0.9169022046353872,0.926729986431479,0.9195624137269623,0.9157189926448608,0.9258071236103804,385309
2850,0.02997887543164615,0.03272644394480567,0.03010600857930585,0.9207067137809187,0.9169022046353872,0.926729986431479,0.9195624137269623,0.9157189926448608,0.9258071236103804,386732
2860,0.02997559627635659,0.03264087027446765,0.03008312073615652,0.92113074204947,0.9163369135104579,0.926729986431479,0.9199942689075281,0.9151494892355739,0.9258071236103804,388146
2870,0.02997559627635659,0.03264087027446765,0.03008312073615652,0.92113074204947,0.9163369135104579,0.926729986431479,0.9199942689075281,0.9151494892355739,0.9258071236103804,389594
2880,0.0300056349256498,0.03266727463384763,0.03013219641888962,0.9215547703180212,0.9169022046353872,0.9271822704658526,0.9204248597938555,0.9157278033418118,0.9262562037487706,391021
2890,0.029945792896312277,0.032597309674254095,0.03006083572080106,0.92113074204947,0.9180327868852459,0.9253731343283582,0.9199930753255019,0.9168749054386744,0.9244625637529782,392406
2910,0.02996925387594885,0.03261791432283638,0.03003650897850726,0.9207067137809187,0.9174674957603166,0.9253731343283582,0.9195645208338752,0.9162892142906599,0.9244425800746849,395302
2920,0.029930397297211864,0.03262757340883134,0.030079839652439225,0.92113074204947,0.9180327868852459,0.9253731343283582,0.9199930753255019,0.9168749054386744,0.9244625637529782,396669
2930,0.030196517664847367,0.03281078134313669,0.030083517077782083,0.9222614840989399,0.9146410401356698,0.9271822704658526,0.9211546146987668,0.9134080743219776,0.9262240813529055,398075
2940,0.029916198633630067,0.03266852397217138,0.03007815726135355,0.9221201413427562,0.9180327868852459,0.9253731343283582,0.920997467034208,0.9168749054386744,0.9244625637529782,399500
2950,0.029911571726364414,0.032470562809254123,0.03018405811729851,0.9229681978798586,0.9191633691351045,0.924468566259611,0.9218601956212737,0.9180323528766546,0.9235913975707738,400926
2960,0.02990705946429969,0.032465023394487695,0.030120651995123204,0.9231095406360424,0.9191633691351045,0.924468566259611,0.9220040364993676,0.9180323528766546,0.9235684106330284,402360
2970,0.02990705946429969,0.032465023394487695,0.030120651995123204,0.9231095406360424,0.9191633691351045,0.924468566259611,0.9220040364993676,0.9180323528766546,0.9235684106330284,403827
2980,0.029854049966105415,0.03245989919302379,0.03012302255337472,0.9236749116607774,0.9185980780101752,0.9253731343283582,0.9225977952656856,0.9174788512302224,0.9245566323595431,405302
2990,0.029715643542790125,0.03248994535043339,0.029901256248455983,0.9239575971731449,0.9163369135104579,0.9271822704658526,0.9228650652558911,0.9151359203269739,0.9262940233730813,406678
